789602098101,36,Gabrielle Marques de Souza,15,Cabeleireira
789602098102,37,Gabrielle Marques de Souza,15,Cabeleireira
789602098103,38,Gabrielle Marques de Souza,15,Cabeleireira
789602098104,39,Gabrielle Marques de Souza,15,Cabeleireira
789602098105,40,Gabrielle Marques de Souza,15,Cabeleireira
789602098106,41,Gabrielle Marques de Souza,15,Cabeleireira
789602098107,42,Gabrielle Marques de Souza,15,Cabeleireira
789602098108,43,Gabrielle Marques de Souza,15,Cabeleireira
789602098109,44,Gabrielle Marques de Souza,15,Cabeleireira
789105567201,45,Camila Alves Moreira,23,Repositora de estoque
789105567202,46,Camila Alves Moreira,23,Repositora de estoque
789105567203,47,Camila Alves Moreira,23,Repositora de estoque
789105567204,48,Camila Alves Moreira,23,Repositora de estoque
789105567205,49,Camila Alves Moreira,23,Repositora de estoque
789105567206,50,Camila Alves Moreira,23,Repositora de estoque
789105567207,51,Camila Alves Moreira,23,Repositora de estoque
789105567208,52,Camila Alves Moreira,23,Repositora de estoque
789105567209,53,Camila Alves Moreira,23,Repositora de estoque
789105567210,54,Camila Alves Moreira,23,Repositora de estoque
789105567211,55,Camila Alves Moreira,23,Repositora de estoque
789290833301,56,Maria Lúcia da Silva Ferreira,35,Vendedora
789290833302,57,Maria Lúcia da Silva Ferreira,35,Vendedora
789656778401,58,Gabriel Costa Araújo,29,Teleatendente
789010296501,59,Matheus Santos Gonçalves,24,Auxiliar de produção
789010296502,60,Matheus Santos Gonçalves,24,Auxiliar de produção
789010296503,61,Matheus Santos Gonçalves,24,Auxiliar de produção
789010296504,62,Matheus Santos Gonçalves,24,Auxiliar de produção
789010296505,63,Matheus Santos Gonçalves,24,Auxiliar de produção
789010296506,64,Matheus Santos Gonçalves,24,Auxiliar de produção
789010296507,65,Matheus Santos Gonçalves,24,Auxiliar de produção
789010296508,66,Matheus Santos Gonçalves,24,Auxiliar de produção
789010296509,67,Matheus Santos Gonçalves,24,Auxiliar de produção
789010296510,68,Matheus Santos Gonçalves,24,Auxiliar de produção
789010296511,69,Matheus Santos Gonçalves,24,Auxiliar de produção
789312250601,70,Rodrigo Barbosa Pereira,31,Tatuador
789312250602,71,Rodrigo Barbosa Pereira,31,Tatuador
789312250603,72,Rodrigo Barbosa Pereira,31,Tatuador
789312250604,73,Rodrigo Barbosa Pereira,31,Tatuador
789312250605,74,Rodrigo Barbosa Pereira,31,Tatuador
789312250606,75,Rodrigo Barbosa Pereira,31,Tatuador
789312250607,76,Rodrigo Barbosa Pereira,31,Tatuador
789312250608,77,Rodrigo Barbosa Pereira,31,Tatuador
789312250701,78,Lara Rodrigues Gomes Cunha,38,Contadora
789312250702,79,Lara Rodrigues Gomes Cunha,38,Contadora
789312250703,80,Lara Rodrigues Gomes Cunha,38,Contadora
789312250704,81,Lara Rodrigues Gomes Cunha,38,Contadora
789312250705,82,Lara Rodrigues Gomes Cunha,38,Contadora
789312250706,83,Lara Rodrigues Gomes Cunha,38,Contadora
789312250707,84,Lara Rodrigues Gomes Cunha,38,Contadora
789312250708,85,Lara Rodrigues Gomes Cunha,38,Contadora
789312250709,86,Lara Rodrigues Gomes Cunha,38,Contadora
789312250710,87,Lara Rodrigues Gomes Cunha,38,Contadora
789312250711,88,Lara Rodrigues Gomes Cunha,38,Contadora
789312250712,89,Lara Rodrigues Gomes Cunha,38,Contadora
789722010801,90,Paulo Rocha Pereira,30,Atendente
789722010802,91,Paulo Rocha Pereira,30,Atendente
789722010803,92,Paulo Rocha Pereira,30,Atendente
789722010804,93,Paulo Rocha Pereira,30,Atendente
789722010805,94,Paulo Rocha Pereira,30,Atendente
789722010806,95,Paulo Rocha Pereira,30,Atendente
789722010807,96,Paulo Rocha Pereira,30,Atendente
789722010808,97,Paulo Rocha Pereira,30,Atendente
789722010809,98,Paulo Rocha Pereira,30,Atendente
